Game Title,Steam App ID,tags
PUBG: BATTLEGROUNDS,578080,"Action, Adventure, Massively Multiplayer, Free To Play"
Black Myth: Wukong,2358720,"Action, Adventure, RPG"
Palworld,1623730,"Action, Adventure, Indie, RPG, Early Access"
Counter-Strike 2,730,"Action, Free To Play"
Lost Ark,1599340,"Action, Adventure, Massively Multiplayer, RPG, Free To Play"
Dota 2,570,"Action, Strategy, Free To Play"
Cyberpunk 2077,1091500,RPG
ELDEN RING,1245620,"Action, RPG"
Banana,2923300,"Adventure, Casual, Simulation, Strategy, Free To Play"
New World,1063730,"Action, Adventure, Massively Multiplayer, RPG"
Hogwarts Legacy,990080,"Action, Adventure, RPG"
Baldur's Gate 3,1086940,"Adventure, RPG, Strategy"
Goose Goose Duck,1568590,"Casual, Indie, Massively Multiplayer, Strategy, Free To Play"
Apex Legends,1172470,"Action, Adventure, Free To Play"
Valheim,892970,"Action, Adventure, Indie, RPG, Early Access"
Call of Duty®,1938090,Action
Terraria,105600,"Action, Adventure, Indie, RPG"
Capcom Arcade Stadium,1515950,"Action, Free To Play"
Fallout 4,377160,RPG
Life is Strange 2,532210,Adventure
Capcom Arcade 2nd Stadium,1755910,"Action, Free To Play"
HELLDIVERS™ 2,553850,Action
Among Us,945360,Casual
Sons Of The Forest,1326470,"Action, Adventure, Indie, Simulation"
POSTAL,232770,Not Found
World of Warships,552990,"Action, Massively Multiplayer, Simulation, Free To Play"
NARAKA: BLADEPOINT,1203220,"Action, Adventure, Massively Multiplayer"
Grand Theft Auto V,271590,"Action, Adventure"
HITMAN™ 2,863550,Action
Kathy Rain,370910,"Adventure, Indie"
Monster Hunter: World,582010,Action
Starfield,1716740,RPG
PUBG: Test Server,622590,Not Found
Counter-Strike,10,Action
Destiny 2,1085660,"Action, Adventure, Free To Play"
The Elder Scrolls V: Skyrim,72850,RPG
Dying Light 2: Reloaded Edition,534380,"Action, Adventure, RPG"
Halo Infinite,1240440,"Action, Free To Play"
KHOLAT,343710,"Adventure, Indie"
THE FINALS PLAYTEST,2076040,Not Found
The First Descendant,2074920,"Action, Adventure, RPG, Free To Play"
Last Epoch,899770,"Action, Adventure, Indie, RPG"
Yu-Gi-Oh! Master Duel,1449850,"Simulation, Strategy, Free To Play"
Team Fortress 2,440,"Action, Free To Play"
ARK: Survival Evolved,346110,"Action, Adventure, Indie, Massively Multiplayer, RPG"
Mount & Blade II: Bannerlord,261550,"Action, Indie, RPG, Simulation, Strategy"
PAYDAY 2,218620,"Action, RPG"
Rust,252490,"Action, Adventure, Indie, Massively Multiplayer, RPG"
Envoy 2,448940,Not Found
THE FINALS,2073850,"Action, Free To Play"
Lethal Company,1966720,"Action, Adventure, Indie, Early Access"
Stardew Valley,413150,"Indie, RPG, Simulation"
Once Human,2139460,"动作, 冒险, 角色扮演, 模拟, 策略, 免费开玩"
MONSTER HUNTER RISE,1446780,Action
Path of Exile,238960,"Action, Adventure, Indie, Massively Multiplayer, RPG, Free To Play"
Dragon's Dogma 2,2054970,"Action, RPG"
For Honor,304390,Action
Warhammer 40000: Space Marine 2,2183900,"Action, Adventure, RPG"
Source SDK Base 2007,218,Not Found
Braveland,285800,"Adventure, Casual, Indie, RPG, Strategy"
Gene Shift Auto,308600,"Action, Indie, Free To Play, Early Access"
No Man's Sky,275850,"Action, Adventure"
Content Warning,2881650,"Action, Adventure, Indie"
Dota Underlords,1046930,"Casual, Free To Play, Strategy"
Tom Clancy's Rainbow Six Siege,359550,Action
New World Public Test Realm,1205550,Not Found
Total War: THREE KINGDOMS,779340,"Action, Strategy"
A Story About My Uncle,278360,"Adventure, Casual, Indie"
Warframe,230410,"Action, RPG, Free To Play"
Football Manager 2020,1100600,"Simulation, Sports"
NARAKA: BLADEPOINT Demo,1487290,Not Found
Satisfactory,526870,"Adventure, Indie, Simulation, Strategy"
Source SDK Base 2013 Multiplayer,243750,Not Found
鬼谷八荒 Tale of Immortal,1468810,"Action, Adventure, Indie, RPG, Simulation"
Hyperdrive Massacre,402390,"Action, Casual, Indie"
Manor Lords,1363080,"Simulation, Strategy, Early Access"
Evolvation,510840,"Action, Casual, Indie, Simulation"
Fall Guys,1097150,"Action, Casual, Indie, Massively Multiplayer, Sports"
Deadlock,1422450,Action
Call of Duty®: Modern Warfare® II - Open Beta,2075730,Not Found
Resident Evil 4,2050650,"Action, Adventure"
Total War: WARHAMMER III,1142710,"Action, Strategy"
DISTRAINT: Deluxe Edition,395170,"Adventure, Casual, Indie"
The Tiny Bang Story,96000,"Adventure, Casual, Indie"
Company of Heroes 2,231430,Strategy
Sid Meier's Civilization VI,289070,Strategy
Left 4 Dead 2,550,Action
Halo: The Master Chief Collection,976730,Action
Enshrouded,1203620,"Action, Adventure, RPG, Early Access"
Battlefield™ 2042 Open Beta,1638720,Not Found
ARMORED CORE™ VI FIRES OF RUBICON™,1888160,Action
Orwell,491950,"Adventure, Indie, Simulation"
MultiVersus,1818750,"Action, Free To Play"
Z1 Battle Royale,433850,"Action, Adventure, Free To Play, Massively Multiplayer"
V Rising,1604030,"Action, Adventure, Massively Multiplayer"
Wallpaper Engine,431960,"Casual, Indie, Animation & Modeling, Design & Illustration, Photo Editing, Utilities"
Murderous Pursuits,638070,"Action, Indie, Simulation, Strategy"
NARAKA: BLADEPOINT Playtest,1584640,Not Found
BROKE PROTOCOL,696370,"Action, Adventure, Casual, Indie, Massively Multiplayer, RPG, Simulation"
Rocket League,252950,"Action, Indie, Racing, Sports"
Layers of Fear (2016),391720,"Adventure, Indie"
New World: Aeternum Open Beta,1724660,Not Found
Crusader Kings II,203770,"RPG, Simulation, Strategy, Free To Play"
Fortified,334210,"Action, Indie, Strategy"
Party Animals Demo,1301350,Not Found
XCOM 2,268500,Strategy
DARK SOULS™ III,374320,Action
The Descendant,351940,"Adventure, Casual, Indie"
Hacknet,365450,"Indie, Simulation"
Wolcen: Lords of Mayhem,424370,"Action, Adventure, Indie, RPG"
Human Fall Flat,477160,"Adventure, Casual, Indie, Simulation"
7 Days to Die,251570,"Action, Adventure, Indie, RPG, Simulation, Strategy"
Sekiro™: Shadows Die Twice,814380,"Action, Adventure"
OUTRIDERS,680420,"Action, Adventure, RPG"
Borderlands 2,49520,"Action, RPG"
Back 4 Blood Beta,490220,"Free To Play, Indie, Simulation, Strategy, Early Access"
Prismata,490220,"Free To Play, Indie, Simulation, Strategy, Early Access"
Insurgency,222880,"Action, Indie, Strategy"
War Thunder,236390,"Action, Massively Multiplayer, Simulation, Free To Play"
Eador. Masters of the Broken World,232050,"Indie, RPG, Strategy"
Call of Duty: Black Ops - Multiplayer,42710,Action
Total War: ROME II - Emperor Edition,214950,Strategy
Battlefield™ V,1238810,Action
Don't Starve Together,322330,"Action, Adventure, Indie, RPG, Simulation, Strategy"
Tom Clancy's The Division,365590,"Action, Adventure, RPG"
Granblue Fantasy: Relink,881020,"Action, Adventure, RPG"
Total War: WARHAMMER,364360,"Action, Strategy"
Call of Duty: Modern Warfare 2 (2009) - Multiplayer,10190,Action
Phasmophobia,739630,"Action, Indie, Early Access"
Unturned,304930,"Action, Adventure, Casual, Indie, Free To Play"
EA SPORTS™ FIFA 23,1811260,"Simulation, Sports"
Remnant II,1282100,"Action, Adventure, RPG"
Dark and Darker Demo,2258570,Not Found
Warhammer 40000: Darktide,1361210,"Action, Adventure, Indie"
FIFA 22,1506830,"Simulation, Sports"
Dread Hunger,1418630,"Action, Adventure, Indie"
Guns of Icarus Online,82060,Not Found
Battlefield™ 2042,1517290,"Action, Adventure, Casual"
EA SPORTS FC™ 24,2195250,"Simulation, Sports"
Resident Evil Village,1196590,Action
Farming Simulator 22,1248130,Simulation
Realm Royale Reforged,813820,"Action, Free To Play, Early Access"
Dead by Daylight,381210,Not Found
DOOM Eternal,782330,Action
Cities: Skylines II,949230,Simulation
Warhammer: Vermintide 2,552500,"Action, Indie, RPG"
Party Animals,1260320,"Action, Casual, Indie"
Hades II,1145350,"Action, Indie, RPG, Early Access"
The Witcher 3: Wild Hunt,292030,RPG
DELTARUNE (Chapter 1 & 2 DEMO),1690940,Not Found
Spacewar,480,Not Found
Raft,648800,"Adventure, Indie, Simulation"
Counter-Strike: Source,240,Action
Crusader Kings III,1158310,"RPG, Simulation, Strategy"
DAVE THE DIVER,1868140,"Adventure, Casual, RPG, Simulation"
Portal 2,620,"Action, Adventure"
ARK: Survival Ascended,2399830,"Action, Adventure, Indie, Massively Multiplayer, RPG, Early Access"
MIR4,1623660,"Action, Adventure, Massively Multiplayer, RPG, Free To Play"
Terra Nil Demo,1642370,Not Found
The Sims™ 4,1222670,"Adventure, Casual, Simulation, Free To Play"
Kingdom Come: Deliverance,379430,"Action, Adventure, RPG"
FINAL FANTASY XIV Online,39210,"Massively Multiplayer, RPG"
Chained Together,2567870,"Adventure, Casual, Indie, Simulation"
Football Manager 2021,1263850,"Simulation, Sports"
Borderlands 3,397540,"Action, RPG"
Divinity: Original Sin 2,435150,"Adventure, RPG, Strategy"
Sins of a Solar Empire: Rebellion,204880,"Action, Indie, Simulation, Strategy"
Far Cry 5,552520,"Action, Adventure"
Sid Meier's Civilization V,50100,Strategy
METAL GEAR SOLID V: THE PHANTOM PAIN,287700,"Action, Adventure"
Cats,2001520,"Casual, Free To Play"
Tomb Raider,203160,"Action, Adventure"
Football Manager 2024,2252570,"Simulation, Sports, Strategy"
ENDLESS™ Legend,289130,"RPG, Strategy"
Devil May Cry 5,601150,Action
Football Manager 2022,1569040,"Simulation, Sports"
Starbound,211820,"Action, Adventure, Casual, Indie, RPG"
Geometry Dash,322170,"Action, Indie"
Lost Ark Closed Technical Beta,1793660,Not Found
F1 2015,286570,"Racing, Sports"
Football Manager 2013,207890,Not Found
BattleBit Remastered,671860,"Action, Massively Multiplayer, Early Access"
Sid Meier's Civilization: Beyond Earth,65980,Strategy
Call of Duty®: Modern Warfare® 3 (2011) - Multiplayer,42690,Not Found
Need for Speed™ Heat,1222680,"Action, Adventure, Racing, Sports"
VPet,1920960,"Casual, Indie, RPG, Simulation, Free To Play"
Black Myth: Wukong Benchmark Tool,3132990,"Free To Play, Utilities"
Total War: WARHAMMER II,594570,"Action, Strategy"
Call of Duty: WWII - PC Open Beta,696790,Not Found
Football Manager 2023,1904540,"Simulation, Sports"
The Red Solstice,265590,Strategy
Football Manager 2016,378120,Not Found
LEGO® Star Wars™: The Skywalker Saga,920210,"Action, Adventure"
Nobody - The Turnaround,1810580,"Simulation, Strategy, Early Access"
隐形守护者 The Invisible Guardian,998940,Not Found
Football Manager 2015,295270,Not Found
Stories: The Path of Destinies,439190,"Action, Adventure, Indie, RPG"
Forza Horizon 5,1551360,"Action, Adventure, Racing, Simulation, Sports"
GrandChase,985810,"Action, Casual, Free To Play"
DARK SOULS™ II,236430,"Action, RPG"
Football Manager 2014,231670,Not Found
Little Nightmares,424840,Adventure
Hearts of Iron IV,394360,"Simulation, Strategy"
The Forest,242760,"Action, Adventure, Indie, Simulation"
PAYDAY 3,1272080,"Action, Adventure, RPG"
Red Dead Redemption 2,1174180,"Action, Adventure"
Football Manager 2012,71270,Not Found
The First Descendant Final Technical Test,2074930,Not Found
Ghost of Tsushima DIRECTOR'S CUT,2215430,"Action, Adventure"
Vampire Survivors,1794680,"Action, Casual, Indie, RPG"
Bless Unleashed,1254120,"Action, Free To Play, Massively Multiplayer, RPG"
Football Manager 2019,872790,"Simulation, Sports"
Crab Game,1782210,"Action, Casual, Free To Play, Indie, Racing"
Wo Long: Fallen Dynasty,1448440,"Action, Adventure, RPG"
Forza Horizon 4,1293830,Racing
Overwatch® 2,2357570,"Action, Free To Play"
Risk of Rain 2,632360,"Action, Indie"
Resident Evil 2,883710,Action
Age of Empires IV: Anniversary Edition,1466860,Strategy
Garry's Mod,4000,"Casual, Indie, Simulation"
God of War,1593500,"Action, Adventure, RPG"
DayZ,221100,"Action, Adventure, Massively Multiplayer"
Fallout 76,1151340,RPG
Football Manager 2017,482730,Not Found
Gray Zone Warfare,2479810,"Action, Adventure, Massively Multiplayer, Early Access"
太吾绘卷 The Scroll Of Taiwu,838350,"Adventure, Casual, Indie, RPG, Strategy, Early Access"
For Honor Open Beta,572600,Not Found
Football Manager 2018,624090,Not Found
Call of Duty: Black Ops II - Multiplayer,202990,Action
The Binding of Isaac: Rebirth,250900,Action
Street Fighter™ 6,1364780,"Action, Adventure"
XCOM: Enemy Unknown,200510,Strategy
Sniper Elite V2,63380,Action
Victoria 3,529340,"Simulation, Strategy"
Killing Floor 2,232090,Action
The Elder Scrolls V: Skyrim Special Edition,489830,RPG
Euro Truck Simulator 2,227300,"Indie, Simulation"
Dark and Darker Playtest,2078890,Not Found
Stellaris,281990,"Simulation, Strategy"
SCUM,513710,"Action, Adventure, Indie, Massively Multiplayer, Early Access"
Borderlands: The Pre-Sequel,261640,"Action, RPG"
Middle-earth™: Shadow of War™,356190,"Action, Adventure, RPG"
Yet Another Zombie Defense,270550,"Action, Casual, Indie, Strategy"
Cookie Clicker,1454400,"Casual, Indie, Simulation, Strategy"
STAR WARS Jedi: Survivor™,1774580,"Action, Adventure"
Splitgate,677620,"Action, Free To Play, Indie"
Sea of Thieves,1172620,"Action, Adventure"
Marvel’s Spider-Man Remastered,1817070,"Action, Adventure, Casual"
Tom Clancy's The Division - Beta,414460,Not Found
Back 4 Blood,924970,Action
Clicker Heroes,363970,"Adventure, Casual, Indie, RPG, Simulation, Strategy, Free To Play"
Project Zomboid,108600,"Indie, RPG, Simulation, Early Access"
完蛋！我被美女包围了！,2322560,"Adventure, Indie, RPG, Simulation, Strategy"
BioShock Infinite,8870,Action
Kingdom: Classic,368230,"Indie, Simulation, Strategy"
Call of Duty: Black Ops III,311210,"Action, Adventure"
Ring of Elysium,755790,"Action, Free To Play, Massively Multiplayer"
Call of Duty: Black Ops,42749,Not Found
Stray,1332010,"Adventure, Indie"
Cortex Command,209670,"Action, Indie, Strategy"
RimWorld,294100,"Indie, Simulation, Strategy"
Assassin's Creed Odyssey,812140,"Action, Adventure, RPG"
Microsoft Flight Simulator,1250410,Simulation
Cult of the Lamb,1313140,"Action, Adventure, Indie, Strategy"
Grim Dawn,219990,"Action, Adventure, Indie, RPG"
Throne and Liberty - Open Beta,2429660,Not Found
TRAPPED,444690,"Action, Adventure, Indie, Strategy, Early Access"
Paladins,444090,"Action, Adventure, Massively Multiplayer, Strategy, Free To Play"
Artifact Classic,583950,Strategy
Alien Swarm,630,Action
Black Desert,582660,"Action, Adventure, Massively Multiplayer, RPG, Simulation, Strategy"
Cities: Skylines,255710,"Simulation, Strategy"
Jurassic World Evolution,648350,"Simulation, Strategy"
Resident Evil 3,952060,Action
Tales of Arise,740130,"Action, RPG"
MORDHAU,629760,"Action, Indie"
Hunt: Showdown 1896,594650,Action
Mass Effect™ Legendary Edition,1328670,"Action, RPG"
Dyson Sphere Program,1366540,"Indie, Simulation, Strategy, Early Access"
Phantasy Star Online 2 New Genesis,1056640,"Action, Massively Multiplayer, RPG, Free To Play"
Farming Simulator 19,787860,Simulation
NBA 2K23,1919590,"Simulation, Sports"
Trove,304050,"Action, Adventure, Casual, Massively Multiplayer, RPG, Free To Play"
ATLAS,834910,"Action, Adventure, Massively Multiplayer, RPG, Early Access"
Wo Long: Fallen Dynasty Complete Edition Demo,2285240,Not Found
PUBG: Experimental Server,813000,Not Found
Dark and Darker,2016590,"Action, RPG, Free To Play, Early Access"
Deep Rock Galactic: Survivor,2321470,"Action, Early Access"
GUNDAM EVOLUTION,1816670,"Action, Free To Play"
Arma 3,107410,"Action, Simulation, Strategy"
World of Tanks Blitz,444200,"Action, Massively Multiplayer, Simulation, Strategy, Free To Play"
Call of Duty: WWII - Multiplayer,476620,Action
Horizon Zero Dawn™ Complete Edition,1151640,"Action, Adventure, RPG"
Deus Ex: Human Revolution,28050,Not Found
The Crew 2,646910,"Action, Massively Multiplayer, Racing"
OUTRIDERS Demo,1435990,Not Found
HUMANKIND™,1124300,Strategy
Ready or Not,1144200,"Action, Adventure, Indie"
BIOMUTANT,597820,"Action, RPG"
Torchlight II,200710,"Action, Adventure, Indie, RPG"
SUPER PEOPLE Testing Grounds,1619990,Not Found
Hades,1145360,"Action, Indie, RPG"
Deep Rock Galactic,548430,Action
Total War: SHOGUN 2,34330,Strategy
Bloons TD 6,960090,Strategy
Battlefield 1 ™,1238840,"Action, Massively Multiplayer"
Tree of Savior (English Ver.),372000,"Massively Multiplayer, RPG, Free To Play"
ENDLESS™ Space 2,392110,Strategy
Conan Exiles,440900,"Action, Adventure, Massively Multiplayer, RPG, Simulation, Strategy"
Free to Play,245550,Not Found
VRChat,438100,"Adventure, Casual, Massively Multiplayer, Simulation, Sports, Free To Play, Early Access"
Eternal Return,1049590,"Indie, Strategy, Free To Play"
Marvel Rivals Playtest,2936120,Not Found
Icarus,1149460,"Action, Adventure, Simulation"
Deus Ex: Mankind Divided™,337000,"Action, RPG"
HITMAN™,236870,Action
Mecha BREAK Playtest,3016800,Not Found
Supermarket Simulator,2670630,"Casual, Indie, Simulation, Early Access"
Subnautica,264710,"Adventure, Indie"
Loop Hero,1282730,"Indie, RPG, Strategy"
Evolve Stage 2,273350,"Action, Free To Play"
Fallout: New Vegas,5710,Not Found
PAYDAY: The Heist,24240,Action
TEKKEN 8,1778820,Action
Governor of Poker 3,436150,"Casual, Massively Multiplayer, Simulation, Free To Play"
The Elder Scrolls Online,306130,"Action, Adventure, Massively Multiplayer, RPG"
Middle-earth™: Shadow of Mordor™,241930,Not Found
Limbus Company,1973530,"Action, RPG, Strategy"
NBA 2K20,1089350,"Simulation, Sports"
Remnant: From the Ashes,617290,"Action, Adventure, RPG"
Europa Universalis IV,236850,"Simulation, Strategy"
Watch_Dogs,243470,"Action, Adventure"
Supermarket Together,2709570,"Casual, Indie, Simulation, Free To Play"
Mafia III: Definitive Edition,360430,"Action, Adventure"
Myth of Empires,1371580,"Action, Adventure, Indie, Massively Multiplayer, RPG"
tModLoader,1281930,"Action, Adventure, Indie, RPG, Free To Play"
Nightingale,1928980,"Action, Adventure, RPG, Early Access"
SUPER PEOPLE 2,1190340,"Action, Casual, Massively Multiplayer, Free To Play, Early Access"
Soulmask,2646460,"Adventure, Indie, Massively Multiplayer, RPG, Simulation, Early Access"
Pathfinder: Wrath of the Righteous - Enhanced Edition,1184370,"Adventure, Indie, RPG, Strategy"
NBA 2K22,1644960,"Simulation, Sports"
Scrap Mechanic,387990,"Action, Adventure, Indie, Simulation, Early Access"
MY HERO ULTRA RUMBLE,1607250,"Action, Casual, Free To Play"
STAR WARS Jedi: Fallen Order™,1172380,"Action, Adventure"
Core Keeper,1621690,"Adventure, Casual, Indie, RPG"
Call of Duty®: Modern Warfare® 3 (2011),42680,Action
Like a Dragon: Infinite Wealth,2072450,"Action, Adventure, RPG"
HoloCure - Save the Fans!,2420510,"Action, Adventure, Casual, Indie"
Undecember,1549250,"Action, Adventure, RPG, Free To Play"
Dying Light,239140,Not Found
Tom Clancy's Ghost Recon® Wildlands,460930,"Action, Adventure"
Mirror 2: Project X,1832640,"Adventure, Indie, RPG, Early Access"
Warhammer 40000: Darktide Closed Beta,2156210,Not Found
Warhammer 40000: Rogue Trader,2186680,"Adventure, Indie, RPG, Strategy"
Nobody - The Turnaround Demo,1820120,Not Found
Battlerite,504370,"Action, Free To Play"
Risk of Rain Returns,1337520,Action
Oddworld: Abe's Oddysee,15700,Adventure
Persona 3 Reload,2161700,"Adventure, RPG, Strategy"
Bless Unleashed - Beta Test,1478540,"Action, Free To Play, Massively Multiplayer, RPG"
暖雪 Warm Snow,1296830,"Action, Adventure, Indie, RPG"
Rise of the Tomb Raider,391220,"Action, Adventure"
Crosshair X,1366800,"Action, Adventure, Indie, Animation & Modeling, Design & Illustration, Education, Photo Editing, Utilities, Game Development"
EA SPORTS™ FIFA 21,1313860,"Simulation, Sports"
DRAGON BALL FighterZ,678950,Action
DOOM,379720,Action
Stumble Guys,1677740,"Action, Casual, Indie, Massively Multiplayer, Free To Play"
Mirage: Arcane Warfare,368420,Not Found
Lords of the Fallen,1501750,"Action, Adventure, RPG"
Age of Wonders 4,1669000,Strategy
Half-Life: Alyx,546560,"Action, Adventure"
Fallout Shelter,588430,"RPG, Simulation, Free To Play"
Command & Conquer™ Remastered Collection,1213210,Strategy
MapleStory 2,560380,Not Found
Saints Row IV,206420,"Action, Adventure"
Subnautica: Below Zero,848450,"Adventure, Indie"
Imperator: Rome,859580,"Simulation, Strategy"
Pillars of Eternity,291650,RPG
Withering Kingdom: Arcane War,473650,Not Found
Draw & Guess,1483870,"Casual, Indie"
Monaco,113020,"Action, Adventure, Casual, Indie, Strategy"
Assassin's Creed Origins,582160,"Action, Adventure, RPG"
Farlight 84,1928420,"Action, Adventure, Massively Multiplayer, Free To Play"
Nioh 2 – The Complete Edition,1325200,"Action, RPG"
ENDLESS™ Space - Definitive Edition,208140,Strategy
NBA 2K25,2878980,"Simulation, Sports"
The Cycle: Frontier,868270,"Action, Free To Play, Massively Multiplayer"
DiRT 3 Complete Edition,321040,Not Found
Turbo Pug DX,513780,"Casual, Indie"
Horizon Forbidden West™ Complete Edition,2420110,"Action, RPG"
Tapple,3047030,"Casual, Indie, Simulation, Strategy, Free To Play"
Just Survive,2394590,"Action, Adventure, Indie, Simulation, Strategy"
Dark Shadows - Army of Evil,280640,"Action, Indie, RPG"
Diablo® IV,2344520,"Action, RPG"
Temtem,745920,"Adventure, Indie, Massively Multiplayer, RPG"
EGG,2784840,"Action, Adventure, Casual, Indie, Simulation, Free To Play"
Dungeonborne,2448970,"Action, Adventure, RPG, Strategy, Free To Play, Early Access"
雀魂麻将(MahjongSoul),1329410,Not Found
Blackwater Bayou VR,576880,Not Found
Project Winter,774861,"Action, Adventure, Casual, Indie, Strategy"
TCG Card Shop Simulator,3070070,"Simulation, Early Access"
Age of Empires II: Definitive Edition,813780,Strategy
Summoners War: Chronicles,2167580,"Action, Adventure, Massively Multiplayer, RPG, Strategy, Free To Play"
Planet Zoo,703080,"Casual, Simulation, Strategy"
Atomic Heart,668580,"Action, Adventure, RPG"
STALCRAFT: X,1818450,"Action, Adventure, Massively Multiplayer, RPG"
Shadow of the Tomb Raider,750920,"Action, Adventure"
Mortal Kombat 1,1971870,Action
The Day Before,1372880,"Action, Adventure, Massively Multiplayer, Early Access"
Balatro,2379780,"Casual, Indie, Strategy"
Metro: Last Light Complete Edition,43160,Not Found
Call of Duty: Ghosts - Multiplayer,209170,Action
Hero's Land,2349820,"Action, Adventure, Massively Multiplayer, RPG, Free To Play"
Tabletop Simulator,286160,"Casual, Indie, RPG, Simulation, Strategy"
Evil Genius 2,700600,"Simulation, Strategy"
The Outlast Trials,1304930,"Action, Adventure, Indie"
Mafia: Definitive Edition,1030840,"Action, Adventure"
Company of Heroes 3,1677280,"Action, Strategy"
Party Animals Playtest,1401390,Not Found
Backpack Battles,2427700,"Strategy, Early Access"
The Last of Us™ Part I,1888930,"Action, Adventure"
STAR WARS™: Squadrons,1222730,"Action, Simulation"
太荒初境,1504570,"Action, Adventure, Indie, RPG, Strategy"
Resident Evil 4 Chainsaw Demo,2231770,"Action, Adventure"
No Rest for the Wicked,1371980,"Action, Adventure, RPG, Early Access"
AX:EL,319830,"Action, Indie, Simulation"
XCOM: Chimera Squad,882100,Strategy
Dead Island,91310,Not Found
Wartales,1527950,"Adventure, Indie, RPG, Strategy"
BATTLETECH,637090,"Action, Adventure, Strategy"
Cube World,1128000,"Adventure, Indie, RPG"
God of War Ragnarök,2322010,"Action, Adventure, RPG"
Frostpunk 2,1601580,"Simulation, Strategy"
Persona 5 Royal,1687950,RPG
PAYDAY 3 - Beta,2478210,Not Found
Palworld Dedicated Server,2394010,Not Found
Gunfire Reborn,1217060,"Action, Adventure, Indie, RPG"
Dungeon of the ENDLESS™,249050,"Adventure, Indie, RPG, Strategy"
Squad,393380,"Action, Indie, Massively Multiplayer, Strategy"
Mortal Kombat 11,976310,Action
Glare1more,834150,"Adventure, Indie"
Call of Duty: Advanced Warfare - Multiplayer,209660,Action
Football Manager 2011,34229,Not Found
Monster Hunter Stories 2: Wings of Ruin,1277400,"Adventure, RPG"
Brawlhalla,291550,"Action, Indie, Free To Play"
South Park™: The Stick of Truth™,213670,"Action, Adventure, RPG"
Ori and the Will of the Wisps,1057090,Action
Factorio,427520,"Casual, Indie, Simulation, Strategy"
Bless Online,681660,"Action, Adventure, Free To Play, Massively Multiplayer, RPG"
Astral Party,2622000,"Casual, Indie, RPG, Strategy"
Saints Row: The Third,55230,Action
STAR WARS™: The Old Republic™,1286830,"Massively Multiplayer, RPG, Free To Play"
Two Point Hospital,535930,"Indie, Simulation"
CODE VEIN,678960,"Action, RPG"
Age of Empires IV Ranked Seasons Closed Preview,1015520,Strategy
Dota 2 Test,205790,Not Found
Half-Life,70,Action
Mad Max,234140,"Action, Adventure"
Last Oasis,903950,"Action, Adventure, Indie, Massively Multiplayer, RPG, Early Access"
Tom Clancy's Ghost Recon Wildlands Open Beta,584210,Not Found
Slay the Spire,646570,"Indie, Strategy"
Mount & Blade: Warband,48700,"Action, RPG"
Street Fighter™ 6 - Open Beta,1952120,"Action, Adventure"
Counter-Strike: Condition Zero,80,Action
It Takes Two,1426210,"Action, Adventure"
Chinese Parents,736190,"Casual, Indie, RPG, Simulation"
Paragon: The Overprime,1531430,"Action, Sports, Strategy, Free To Play, Early Access"
DEATH STRANDING,1190460,Not Found
BattleBit Remastered Playtest,1611740,Not Found
Farming Simulator 17,447020,Simulation
Brotato,1942280,"Action, Casual, Indie, RPG"
Stash,466660,"Adventure, Free To Play, Indie, Massively Multiplayer, RPG"
Nyasha,1035930,Not Found
Call of Duty: Black Ops III Beta,388520,"Action, Adventure"
Grounded,962130,"Action, Adventure"
NBA 2K21,1225330,"Simulation, Sports"
SMITE,386360,"Action, Adventure, Casual, Massively Multiplayer, RPG, Strategy, Free To Play"
Marvel's Avengers - The Definitive Edition,997070,"Action, Adventure, RPG"
GUILTY GEAR -STRIVE-,1384160,Action
Medieval Dynasty,1129580,"Action, Adventure, Indie, RPG, Simulation"
Volcano Princess,1669980,"Indie, RPG, Simulation"
Spectre Divide,2641470,"Action, Free To Play"
Tribes of Midgard,858820,"Action, Adventure, Indie, RPG"
Dead Space,1693980,"Action, Adventure"
Grimm,252150,"Casual, Indie"
Back to Bed,308040,"Action, Casual, Indie"
Left 4 Dead,500,Action
NBA 2K24,2338770,"Simulation, Sports"
Paragon: The Overprime Final Test,1840560,Not Found
Persona 4 Golden,1113000,RPG
Glass Masquerade,511470,"Casual, Indie"
PlanetSide 2,218230,"Action, Massively Multiplayer, Free To Play"
FINAL FANTASY XV WINDOWS EDITION,637650,RPG
Vampire: The Masquerade - Bloodhunt,760160,"Action, Free To Play"
Mafia II (Classic),50130,Action
Totally Accurate Battlegrounds,823130,"Action, Indie, Free To Play"
Loadout,208090,"Action, Free To Play, Indie"
Frostpunk,323190,"Simulation, Strategy"
NBA 2K19,841370,"Simulation, Sports"
BeamNG.drive,284160,"Racing, Simulation, Early Access"
Deadly Animal Duel,587790,"Action, Casual"
大侠立志传：碧血丹心,1948980,"Adventure, Indie, RPG, Simulation"
Elite Dangerous,359320,"Action, Adventure, Massively Multiplayer, RPG, Simulation, Strategy"
NieR Replicant ver.1.22474487139...,1113560,"Action, Adventure, RPG"
Elemental Girls,1079310,Not Found
Rotwood,2015270,"Action, Adventure, RPG, Early Access"
For The King II,1676840,"Adventure, Indie, RPG, Strategy"
WILD HEARTS™,1938010,"Action, Adventure"
The Planet Crafter,1284190,Adventure
Dwarf Fortress,975370,"Indie, RPG, Simulation, Strategy"
ULTRAKILL,1229490,"Action, Indie, Early Access"
Age of Empires II (2013),221380,Strategy
Titanfall® 2,1237970,Action
Total War: EMPIRE - Definitive Edition,10500,Strategy
Monster Hunter Rise: Sunbreak Demo,1836450,Action
FINAL FANTASY XVI,2515020,"Action, RPG"
Jotun: Valhalla Edition,323580,"Action, Adventure, Indie"
Oxygen Not Included,457140,"Indie, Simulation"
LIMBO,48000,"Action, Adventure, Indie"
Days Gone,1259420,"Action, Adventure"
Batman™: Arkham Knight,208650,"Action, Adventure"
Dragon's Dogma: Dark Arisen,367500,"Action, Adventure, RPG"
GRID 2,44350,"Racing, Sports"
Craftopia,1307550,"Action, Adventure, Indie, RPG, Early Access"
Albion Online,761890,"Massively Multiplayer, RPG, Free To Play"
Purgatory II,576120,"Adventure, Indie, Strategy"
GUNDAM BREAKER 4,1672500,"Action, RPG"
Warfront Defenders,412210,"Action, Indie, Strategy, Early Access"
Dark Matter,345130,"Action, Casual, Indie"
Bloodstained: Ritual of the Night,692850,"Action, Adventure, RPG"
Robocraft,301520,"Action, Indie, Massively Multiplayer, RPG, Simulation, Free To Play"
Borderlands GOTY Enhanced,729040,"Action, RPG"
觅长生,1189490,"Indie, RPG, Strategy"
Total War: ATTILA,325610,Strategy
Sunkenland,2080690,"Action, Indie, Early Access"
Hitman: Absolution,203140,Action
Halls of Torment,2218750,"Action, Indie, RPG"
Shadow Warrior,233130,"Action, Adventure"
Age of Mythology: Retold,1934680,Strategy
DRAGON BALL Z: KAKAROT,851850,"Action, RPG"
Kerbal Space Program 2,954850,"Indie, Simulation, Early Access"
Warhammer 40000: Dawn of War III,285190,"Action, Simulation, Strategy"
F1 2021,1134570,"Racing, Simulation, Sports"
F1® Manager 2022,1708520,"Simulation, Strategy"
Drift (Over) Drive,447920,"Indie, Racing"
NBA 2K18,577800,"Simulation, Sports"
MOBILE SUIT GUNDAM BATTLE OPERATION 2,1367080,"Action, Free To Play"
Jagged Alliance 3,1084160,"Action, Strategy"
Subverse,1034140,Not Found
Anno 1800,916440,"Simulation, Strategy"
TERA,389300,Not Found
F1® 22,1692250,"Racing, Sports"
三国群英传8 Kingdom Heroes 8,875210,"Action, RPG, Simulation, Strategy"
Chivalry: Medieval Warfare,219640,"Action, Indie"
Crucible,1571120,"Action, Free To Play"
Batman™: Arkham Origins,209000,"Action, Adventure"
Pixel Gun 3D: PC Edition,2524890,"Action, Adventure, Massively Multiplayer, Free To Play"
Farthest Frontier,1044720,"Indie, Simulation, Strategy, Early Access"
Boundary,1004180,"Action, Adventure, Indie, RPG"
Football Manager 2009,10545,Not Found
Wayfinder,1171690,"Action, Adventure, RPG, Early Access"
Warhammer: End Times - Vermintide,235540,"Action, Indie"
Banished,242920,"Indie, Simulation, Strategy"
Knight Online,389430,"Action, Adventure, Free To Play, Massively Multiplayer, RPG"
Prey,480490,"Action, Adventure"
Wasteland 3,719040,"RPG, Strategy"
Russian Fishing 4,766570,"Adventure, Casual, Massively Multiplayer, RPG, Simulation, Sports, Free To Play"
Rising Storm 2: Vietnam,418460,"Action, Massively Multiplayer, Simulation, Strategy"
DARK SOULS™: REMASTERED,570940,Action
Football Manager 2010,34009,Not Found
Shadowrun Returns,234650,"Adventure, Indie, RPG, Strategy"
Transport Fever 2,1066780,"Casual, Indie, Simulation, Strategy"
活俠傳,1859910,"Adventure, Indie, RPG, Strategy"
Shadowverse,453480,"Strategy, Free To Play"
Gotham Knights,1496790,"Action, Adventure, RPG"
Killing Floor,1250,Action
F1 2020,1080110,"Racing, Simulation, Sports"
MONSTER HUNTER RISE DEMO,1641480,Not Found
NieR:Automata™,524220,"Action, RPG"
Space Engineers,244850,"Action, Indie, Simulation, Strategy"
Dawn of Man,858810,"Indie, Simulation, Strategy"
Darkest Dungeon® II,1940340,"Indie, RPG, Strategy"
Surviving Mars,464920,"Simulation, Strategy"
Borderlands GOTY,8980,"Action, RPG"
theHunter: Call of the Wild™,518790,"Adventure, Simulation, Sports"
Headsnatchers,797410,"Action, Casual, Indie, Sports"
Just Cause 3,225540,"Action, Adventure"
Hentai Bad Girls,1111030,Not Found
Warlander,1675900,"Action, Massively Multiplayer, Free To Play"
Far Cry® 3,220240,"Action, Adventure"
AdVenture Capitalist,346900,"Casual, Indie, Free To Play"
ELEX,411300,"Action, Adventure, RPG"
DRAGON BALL XENOVERSE,323470,Action
Wandering Sword,1876890,"Adventure, Indie, RPG, Strategy"
Rogue Legacy 2,1253920,"Action, Adventure, Indie, RPG"
A Total War Saga: Thrones of Britannia,712100,"Action, Strategy"
State of Decay 2,495420,"Action, RPG, Simulation"
Pillars of Eternity II: Deadfire,560130,RPG
Pathfinder: Kingmaker,640820,"Adventure, RPG"
Call of Duty: Modern Warfare 2 (2009),10180,Action
Car Mechanic Simulator 2021,1190000,"Racing, Simulation"
Strange Brigade,312670,"Action, Adventure"
Dishonored 2,403640,Action
They Are Billions,644930,Strategy
We Were Here Expeditions: The FriendShip,2296990,"Adventure, Casual, Indie"
Summoners War,2426960,"RPG, Strategy, Free To Play"
Trackmania,2225070,Racing
30 IMPOSSIBLE LEVELS,459910,Not Found
Bright Memory: Infinite,1178830,"Action, Indie"
Divinity: Original Sin (Classic),230230,"Adventure, Indie, RPG, Strategy"
SteamDB Unknown App 203190,203190,Not Found
Planet Coaster,493340,"Action, Adventure, Casual, Simulation, Strategy"
Battlefield: Bad Company™ 2,24960,Action
Soundpad,629520,"Audio Production, Utilities"
SD GUNDAM BATTLE ALLIANCE,824550,"Action, RPG"
Dungeon Defenders,65800,"Action, Indie, RPG, Strategy"
Delta Force Alpha Test,2709440,Not Found
My Time at Sandrock,1084600,"Adventure, Casual, Indie, RPG, Simulation"
SteamDB Unknown App 243870,243870,Not Found
Shatterline,2087030,"Action, Massively Multiplayer, Free To Play, Early Access"
Abiotic Factor,427410,"Ação, Aventura, RPG, Simulação, Acesso Antecipado"
Shin Megami Tensei V: Vengeance,1875830,"Adventure, RPG"
The Riftbreaker,780310,"Action, Adventure, Indie, RPG, Simulation, Strategy"
Sword Art Online: Fatal Bullet,626690,"Action, RPG"
Sanfu,1880330,"Adventure, Indie, RPG"
South Park The Fractured But Whole,488790,RPG
Slime Rancher 2,1657630,"Action, Adventure, Casual, Indie, Simulation, Early Access"
Yu-Gi-Oh! Duel Links,601510,"Strategy, Free To Play"
eFootball™,1665460,"Simulation, Sports, Free To Play"
POLYWAR,444490,"Action, Indie, Massively Multiplayer"
Spectre Divide Playtest,2889840,Not Found
Kingdom Rush 5: Alliance TD,2849080,"Indie, Strategy"
Project Playtime,1961460,"Action, Indie, Free To Play, Early Access"
Sands of Salzaar,1094520,"Adventure, Indie, RPG, Strategy"
Torchlight: Infinite,1974050,"Action, Adventure, RPG, Free To Play"
Heroes & Generals,227940,"Action, Free To Play, Indie, Massively Multiplayer, Strategy"
eFootball PES 2020,996470,Sports
Pummel Party,880940,"Action, Casual, Indie"
Rusty's Retirement,2666510,"Casual, Indie, Simulation, Strategy"
Starpoint Gemini 2,236150,"Action, RPG, Simulation"
Jurassic World Evolution 2,1244460,"Simulation, Strategy"
Golf With Your Friends,431240,"Casual, Indie, Sports"
eFootball PES 2021 SEASON UPDATE,1259970,Sports
Portal,400,Action
Dead Island Riptide Definitive Edition,383180,Action
Resident Evil 7 Biohazard,418370,"Action, Adventure"
The Outer Worlds,578650,RPG
DiRT Rally,310560,"Racing, Simulation, Sports"
Hollow Knight,367520,"Action, Adventure, Indie"
Tom Clancy's Rainbow Six Siege - Test Server,623990,Not Found
Lost Castle 2,2445690,"Action, Adventure, Indie, RPG, Early Access"
Data Hacker: Corruption,329000,"Adventure, Indie, RPG, Simulation"
Northgard,466560,"Adventure, Indie, Simulation, Strategy"
ヘブンバーンズレッド,1973710,"Adventure, RPG, Free To Play"
Hentai Furry,1260390,Not Found
Age of Empires III: Definitive Edition,933110,"Free To Play, Strategy"
Knockout City™ Trial,1582170,Not Found
DEATHLOOP,1252330,Action
Home Behind 2,1220010,"Adventure, Indie, RPG, Simulation, Strategy"
OBS Studio,1905180,"Utilities, Video Production"
Far Cry 6,2369390,"Action, Adventure"
Darkest Dungeon®,262060,"Indie, RPG, Strategy"
Green Hell,815370,"Action, Adventure, Indie, Simulation"
Dishonored,205100,"Action, Adventure"
Red Dead Online,1404210,"Action, Adventure"
人魅,2128940,"Adventure, Indie, RPG, Strategy"
Resident Evil 3: Raccoon City Demo,1173690,Action
DOOM Open Beta,350470,Not Found
Assetto Corsa,244210,"Indie, Racing, Simulation, Sports"
Barotrauma,602960,"Action, Indie, Simulation, Strategy"
Lies of P,1627720,"Action, Adventure, RPG"
The Front,2285150,"Action, Indie, Massively Multiplayer, Simulation, Early Access"
Titan Quest Anniversary Edition,475150,"Action, RPG"
Once Human Demo,2958310,Not Found
Age of Wonders III,226840,"RPG, Strategy"
DRAGON BALL XENOVERSE 2,454650,"Action, Adventure, Casual, Massively Multiplayer"
SteamDB Unknown App 272350,272350,Not Found
Call of Duty: WWII,476600,Action
Infection Free Zone,1465460,"Action, Indie, Simulation, Strategy, Early Access"
Dragon Age II (Retired),47900,Not Found
FTL: Faster Than Light,212680,"Indie, Simulation, Strategy"
Omega Strikers,1869590,"Action, Strategy, Free To Play"
Sonic Frontiers,1237320,"Action, Adventure"
Conqueror's Blade,835570,"Action, Massively Multiplayer, RPG, Strategy, Free To Play"
Arma 2: Operation Arrowhead,33930,"Action, Simulation, Strategy"
American Truck Simulator,270880,"Indie, Simulation"
Kerbal Space Program,220200,"Indie, Simulation"
Dungeonborne Demo,2700330,Not Found
Cuphead,268910,"Action, Indie"
Skul: The Hero Slayer,1147560,"Action, Indie"
MARVEL SNAP,1997040,"Casual, Strategy, Free To Play"
TEKKEN 7,389730,"Action, Sports"
Backpack Battles Demo,2444170,Not Found
Hotline Miami 2: Wrong Number,274170,"Action, Indie"
Absolver,473690,"Action, Adventure, Indie"
Project F,1419640,"Action, Early Access"
Marvel’s Avengers Beta,1358820,Not Found
Archery Practice VR,587830,Not Found
Warhammer 40000: Dawn of War II - Anniversary Edition,15620,Strategy
Wasteland 2,240760,"Adventure, Indie, RPG, Strategy"
Soulstone Survivors,2066020,"Action, Indie, RPG, Early Access"
GTFO,493520,Action
Swords of Legends Online,1418100,"Free To Play, Massively Multiplayer, RPG"
shapez 2,2162800,"Casual, Indie, Simulation, Strategy, Early Access"
Dungeon Defenders II,236110,"Action, Indie, RPG, Strategy, Free To Play"
Atonement: Scourge of Time,385070,"Adventure, Indie, RPG"
Farming Simulator 15,313160,Simulation
inZOI: Character Studio,3092450,Not Found
EARTH DEFENSE FORCE 6,2291060,Action
The Walking Dead: Season Two,261030,Adventure
Idle Champions of the Forgotten Realms,627690,"Action, Adventure, Indie, Strategy, Free To Play"
Total War: ROME REMASTERED,885970,Strategy
Music Racer,893030,"Action, Casual, Indie, Racing"
Pacific Drive,1458140,"Action, Adventure, Indie, Racing, Simulation"
The Crypts of Anak Shaba - VR,566060,Not Found
Thief,239160,"Action, Adventure"
Amazing Cultivation Simulator,955900,"Indie, RPG, Simulation, Strategy"
Hell Let Loose,686810,"Action, Indie, Massively Multiplayer, Simulation, Strategy"
Call of Duty: Black Ops II,202970,Action
Resident Evil Village Gameplay Demo,1541780,Not Found
Life is Strange™,319630,"Action, Adventure"
House Flipper 2,1190970,"Casual, Indie, Simulation"
Watch_Dogs 2,447040,"Action, Adventure"
RAGE,9200,Action
ASTRONEER,361420,"Adventure, Indie"
Dead Island Riptide,216250,Not Found
Plague Inc: Evolved,246620,"Casual, Indie, Simulation, Strategy"
Homeworld Remastered Collection,244160,"Simulation, Strategy"
Cult of the Lamb Demo,2013570,Not Found
DC Universe Online,24200,"Action, Adventure, Massively Multiplayer, RPG, Free To Play"
The Callisto Protocol,1544020,"Action, Adventure"
Firewatch,383870,"Adventure, Indie"
Dragon's Dogma 2 Character Creator & Storage,2674810,Free To Play
Quake Champions,611500,"Action, Free To Play"
Sniper Elite 4,312660,"Action, Adventure"
Construction Simulator,1273400,"Casual, Simulation"
#Have A Sticker,841860,Not Found
Starship Annihilator,525300,"Action, Indie"
Five Nights at Freddy's: Security Breach,747660,"Action, Adventure, Indie"
SpeedRunners,207140,"Action, Casual, Indie, Racing, Sports"
The Texas Chain Saw Massacre,1433140,"Action, Indie"
Football Manager 2012 Demo,71280,Not Found
IXION,1113120,"Indie, Simulation, Strategy"
Riders of Icarus,442080,"Adventure, Free To Play, Massively Multiplayer, RPG"
Bloons TD Battles 2,1276390,"Action, Casual, Indie, Strategy, Free To Play"
Outpost: Infinity Siege,1566690,"Action, Strategy"
The God's Chain,504490,Action
Inscryption,1092790,"Adventure, Indie, Strategy"
People Playground,1118200,"Action, Casual, Indie, Simulation"
OCTOPATH TRAVELER II,1971650,RPG
Super Robot Wars 30,898750,"RPG, Simulation, Strategy"
Graveyard Keeper,599140,"Adventure, Indie, RPG, Simulation"
Hamster,3046430,"Casual, Indie, Free To Play"
The Dreamlord,412290,"Adventure, Casual, Indie"
Far Cry New Dawn,939960,"Action, Adventure"
Far Cry 4,298110,"Action, Adventure"
Chivalry 2,1824220,"Action, Massively Multiplayer"
Deceit,466240,"Action, Indie, Free To Play"
Sapiens Demo,1995770,Not Found
It Takes Two Friend's Pass,1504980,Not Found
BRINK,22350,"Action, Free To Play"
PICO PARK,1509960,"Action, Casual, Indie"
Don't Starve,219740,"Adventure, Indie, Simulation"
Scavengers,1183940,"Action, Free To Play, Strategy, Early Access"
BATTALION: Legacy,489940,"Action, Free To Play"
Muck,1625450,"Action, Adventure, Free To Play, Indie"
VTube Studio,1325860,"Indie, Animation & Modeling, Video Production"
Rising Storm/Red Orchestra 2 Multiplayer,35450,"Action, Massively Multiplayer, Simulation"
Undecember Demo,2081110,Not Found
Escape the Backrooms,1943950,"Indie, Early Access"
The Mighty Quest For Epic Loot,239220,Not Found
ROMANCE OF THE THREE KINGDOMS XIV,872410,Simulation
Bodycam,2406770,"Action, Indie, Massively Multiplayer, Simulation, Strategy, Early Access"
Space Pilgrim Episode I: Alpha Centauri,429470,"Adventure, Indie"
天命奇御 Fate Seeker,882790,RPG
Shrimp,3054490,"Casual, Indie, Free To Play"
Starship Troopers: Extermination,1268750,"Action, Indie, Early Access"
Piximalism,567940,Not Found
GreedFall,606880,RPG
Ace of Spades,224540,"Action, Indie"
Ruined King: A League of Legends Story™,1276790,"Indie, RPG"
Banana Shooter,1949740,"Action, Casual, Indie, Free To Play"
Plants vs. Zombies: Game of the Year,3590,Strategy
Prison Architect,233450,"Indie, Simulation, Strategy"
Life is Strange: Before the Storm,554620,"Action, Adventure"
A.V.A Global,1473480,"Action, Massively Multiplayer, Free To Play"
Half-Life 2,220,Action
The Outlast Trials Closed Beta,2126550,Not Found
俠之道(PathOfWuxia),1189630,"Indie, RPG"
Outland,305050,"Action, Adventure, Indie"
Wolfenstein II: The New Colossus,612880,Action
Vampyr,427290,"Action, RPG"
Orcs Must Die! 2,201790,"Action, Adventure, Indie, RPG, Strategy"
Friday the 13th: The Game,438740,Action
Waven,2343650,"Adventure, RPG, Strategy, Free To Play, Early Access"
Assassin's Creed IV Black Flag,242050,"Action, Adventure"
Castle Crashers,204360,"Action, Adventure, Casual, Indie, RPG"
Black Squad,550650,"Action, Free To Play"
The Cycle Playtest,1600360,Not Found
SMITE 2 - Public Test,2781320,Not Found
House Flipper,613100,"Indie, Simulation"
Death Must Die,2334730,"Action, Casual, Indie, RPG, Early Access"
Ultimate Chicken Horse,386940,"Action, Casual, Indie"
Mafia II - Demo,50280,Action
Enter the Gungeon,311690,"Action, Adventure, Indie"
Tyranny,362960,"Adventure, RPG"
Lies of P Demo,2334160,Not Found
Mortal Kombat X,307780,Action
She Will Punish Them,1213740,Not Found
Assassin's Creed Valhalla,2208920,"Action, Adventure, RPG"
Warhammer 40000: Space Marine - Anniversary Edition,55150,Action
Aliens: Fireteam Elite,1549970,"Action, RPG"
RIFT,39120,"Action, Adventure, Massively Multiplayer, RPG, Free To Play"
The Murder of Sonic the Hedgehog,2324650,"Casual, Free To Play, Indie, Simulation"
ELYON,1674470,"Action, Adventure, Free To Play, Massively Multiplayer"
Return to Monkey Island,2060130,"Adventure, Casual"
Marvel's Midnight Suns,368260,"RPG, Strategy"
Bananametr,3013470,"Casual, Free To Play"
Turbo Pug,418070,"Casual, Indie"
SpongeBob SquarePants: Battle for Bikini Bottom - Rehydrated,969990,"Action, Adventure, Casual"
Coral Island,1158160,"Adventure, Casual, Indie, RPG, Simulation, Strategy"
Call of Duty: Infinite Warfare,292730,"Action, Adventure"
天命奇御二 Fate Seeker II,1559390,RPG
Incitement 3,391660,"Adventure, Indie, RPG"
古龙风云录,2340650,"Adventure, RPG, Strategy"
Cybercube,656880,"Action, Casual, Indie"
HuniePop 2: Double Date,930210,Not Found
Metro Exodus,412020,Action
Infestation: Survivor Stories 2020,226700,"Action, Free To Play, Indie, Massively Multiplayer, RPG"
Forsaken Uprising,314700,Not Found
Tropico 6,492720,"Simulation, Strategy"
Bellwright,1812450,"Action, RPG, Simulation, Strategy, Early Access"
Sword and Fairy 7,1543030,"Action, Adventure, RPG"
X4: Foundations,392160,"Action, Simulation, Strategy"
Cucumber,3015610,"Casual, Indie, Free To Play"
Warhammer 40000: Dawn of War II � Retribution,56400,Strategy
Aimlabs,714010,"Action, Adventure, Casual, Indie, Simulation, Free To Play"
Melon,3050630,"Casual, Simulation, Free To Play"
Meadow,486310,"Adventure, Indie, Massively Multiplayer"
TEKKEN 8 Playtest,2385860,Not Found
Inside the Backrooms,1987080,"Adventure, Indie, Early Access"
美女，请别影响我学习,2786680,"Adventure, Indie, RPG, Simulation, Strategy"
Tiny Tina's Wonderlands,1286680,"Action, Adventure, RPG"
Game Migrated to Another Steam Page,905370,"Action, Massively Multiplayer, Strategy, Free To Play"
Assassin's Creed® III,208480,Adventure
Dead Cells,588650,"Action, Adventure, Indie"
Enclave,253980,"Action, RPG"
NBA 2K17,385760,Sports
Sniper Elite 5,1029690,"Action, Adventure"
Neverwinter,109600,"Action, Adventure, Massively Multiplayer, RPG, Free To Play"
Tom Clancy's The Division 2,2221490,"Action, Adventure, RPG"
Dome Keeper Demo,1650980,Not Found
Street Fighter V,310950,Action
Far Cry Primal,371660,"Action, Adventure"
BattleBlock Theater,238460,"Action, Adventure, Casual, Indie"
Metro 2033,43129,Not Found
X Rebirth,2870,"Action, Simulation"
SOULCALIBUR VI,544750,Action
Into the Breach,590380,"Indie, RPG, Simulation, Strategy"
Going Medieval,1029780,"Indie, RPG, Simulation, Strategy, Early Access"
Insurgency: Sandstorm,581320,Action
Magic Duels,316010,"Free To Play, Strategy"
Black Desert (Retired),836620,Not Found
AI: Rampage,438020,"Action, Indie, Strategy"
Data Hacker: Initiation,311860,"Adventure, Indie, RPG, Simulation"
SCARLET NEXUS,775500,"Action, Adventure, RPG"
F1® 23,2108330,"Racing, Sports"
Dream Daddy: A Dad Dating Simulator,654880,"Casual, Indie, Simulation"
Asteroids ++,2407300,"Adventure, Indie, Free To Play"
Dungeonborne Playtest,2452260,Not Found
Infestation: The New Z,555570,"Action, Indie, Massively Multiplayer, RPG, Free To Play"
The Long Dark,305620,"Adventure, Indie, Simulation, Strategy"
Ghost Recon Breakpoint,2231380,"Action, Adventure"
OVERKILL's The Walking Dead,717690,Not Found
Marauders,1789480,"Action, Early Access"
The Wolf Among Us,250320,"Action, Adventure, Casual"
Disney Dreamlight Valley,1401590,"Action, Adventure, Casual, RPG, Simulation"
Loot Hero DX,294040,"Action, Adventure, Casual, Indie, RPG"
Voice of Chernobyl,1886120,"Action, Indie, Free To Play, Early Access"
100 Aliens Cats,2845270,"Action, Adventure, Casual, Indie, Sports, Free To Play"
RUNNING WITH RIFLES,270150,"Action, Indie"
100 Space Cats,2854290,"Action, Adventure, Casual, Indie, RPG, Simulation, Sports, Strategy, Free To Play"
PixARK,593600,"Action, Adventure, Casual, Massively Multiplayer, RPG, Strategy"
Dead Bits,303390,"Action, Casual, Indie"
Pixel Sketch,648120,"Casual, Massively Multiplayer, Free To Play"
Magic 2014,213850,Strategy
Dark and Light,529180,"Action, Adventure, Massively Multiplayer, RPG, Simulation, Early Access"
Ghostwire: Tokyo,1475810,Action
Monster Train,1102190,Strategy
Magic 2015,255420,Strategy
Need for Speed™ Unbound,1846380,"Action, Racing"
Across the Obelisk,1385380,"Adventure, Indie, RPG, Strategy"
EGOS - Tales of Fallen Souls,619340,"Adventure, Casual, Indie, Early Access"
The Ascent,979690,"Action, Adventure, Indie, RPG"
Spec Ops: The Line,50300,"Action, Adventure"
Poppy Playtime,1721470,"Action, Adventure, Indie"
Serial Cleaner,522210,"Action, Indie"
Devotion,1006510,Not Found
Shrimp.io,2782530,"Action, Casual, Indie, Strategy, Free To Play"
SCP: Secret Laboratory,700330,"Action, Free To Play"
Eastward,977880,"Action, Adventure, Indie, RPG"
ShipLord,422250,"Action, Adventure, Casual, Indie"
Warface: Clutch,291480,"Action, Massively Multiplayer, Free To Play"
MapleStory,216150,"Action, Adventure, Casual, Massively Multiplayer, RPG, Free To Play"
Call of Duty: Ghosts,209160,Action
Rabiez: Epidemic,448630,"Indie, Strategy"
FINAL FANTASY VII REMAKE INTERGRADE,1462040,"Action, Adventure, RPG"
The Stanley Parable: Ultra Deluxe,1703340,"Adventure, Casual, Indie"
Cosmoteer: Starship Architect & Commander,799600,"Simulation, Strategy, Early Access"
ACE COMBAT™7: SKIES UNKNOWN,502500,"Action, Simulation"
Enigmoon,406090,"Indie, Early Access"
Skull Rush,587210,Not Found
Like a Dragon Gaiden: The Man Who Erased His Name,2375550,"Action, Adventure"
Totally Accurate Battle Simulator,508440,"Indie, Simulation, Strategy"
RAGE 2,548570,Action
One-armed robber,2551020,"Action, Indie, Simulation, Strategy, Free To Play"
Item Tower,2989720,"Casual, Simulation, Free To Play"
Terra Invicta Demo,2023830,Not Found
Sanctum 2,210770,"Action, Indie, Strategy"
Crime Scene Cleaner,1040200,"Action, Simulation"
Marvel's Spider-Man: Miles Morales,1817190,"Action, Adventure"
Tropico 5,245620,"RPG, Simulation, Strategy"
Suicide Squad: Kill the Justice League,315210,Action
Forager,751780,"Action, Adventure, Indie, Simulation"
Goodbye My King,647410,Not Found
Dinkum,1062520,"Indie, RPG, Simulation, Early Access"
Firefall,227700,Not Found
Sins of a Solar Empire II,1575940,"Simulation, Strategy"
Soda Dungeon 2,946050,"Casual, Indie, RPG, Free To Play"
So Many Cubes,513590,"Action, Casual, Strategy, Early Access"
100 Asian Cats,2667970,"Action, Adventure, Casual, Indie, RPG, Simulation, Sports, Strategy, Free To Play"
Terra Incognita Chapter One: The Descendant,347560,"Adventure, Indie, RPG, Early Access"
Hurtworld,393420,"Action, Adventure, Simulation"
Duke Nukem Forever,57900,Action
Deponia: The Complete Journey,292910,Adventure
Mass Effect 2 (2010),24980,RPG
Nickelodeon All-Star Brawl,1414850,Action
My Time at Portia,666140,"Adventure, Casual, Indie, RPG, Simulation"
Reign Of Kings,344760,"Action, Adventure, Indie, RPG, Simulation"
Aliens: Colonial Marines,49540,Action
FINAL FANTASY X/X-2 HD Remaster,359870,RPG
Tumblestone,269710,"Action, Casual, Indie, Strategy"
Clickout,2947380,"Casual, Indie, Free To Play, Early Access"
Orcs Must Die! 3,1522820,"Action, Adventure, Indie, Strategy"
MELTY BLOOD: TYPE LUMINA,1372280,Action
Heart Clicker,3022740,"Casual, Indie, Strategy, Free To Play"
Spiral Knights,99900,"Action, Adventure, Casual, Free To Play, Indie, Massively Multiplayer, RPG"
Dirty Bomb,333930,"Action, Free To Play"
Ori and the Blind Forest,261570,Action
Manor Lords Demo,2122820,Not Found
Legends of Idleon MMO,1476970,"Casual, Indie, Massively Multiplayer, RPG, Simulation, Free To Play, Early Access"
RoBoRumble,420970,"Indie, Strategy"
Journey To The Center Of The Earth,382120,"Adventure, Casual, Free To Play, Indie"
The Culling,437220,"Action, Free To Play, Indie"
Yelaxot,340820,Not Found
Apocalypse Party,2351560,"Action, Casual, Indie, Strategy"
20 Minutes Till Dawn,1966900,"Action, Adventure, Casual, Indie, Strategy"
Knockout City™ Cross-Play Beta,1530870,Not Found
The Witcher 2: Assassins of Kings Enhanced Edition,20920,RPG
Trine 2 Demo,204260,"Action, Indie"
Against the Storm,1336490,"Simulation, Strategy"
再刷一把 PlayAgain,2059790,"Adventure, Indie, RPG, Strategy"
Kingdoms of Amalur: Reckoning™,102500,"Action, RPG"
Radical Heights,809960,"Action, Adventure, Free To Play, Indie, Massively Multiplayer, Early Access"
Nya Nya Nya Girls (ʻʻʻ)_(=^･ω･^=)_(ʻʻʻ),963330,"Casual, Indie"
Smalland: Survive the Wilds,768200,"Action, Adventure, Indie, RPG"
F1 2019,928600,Not Found
Gauntlet™,258970,"Action, Adventure, RPG"
Overcooked! 2,728880,"Action, Casual, Indie"
Sun Haven,1432860,"Adventure, Casual, Indie, RPG, Simulation"
Defiance,224600,"Action, Free To Play, Massively Multiplayer, RPG"
DREDGE,1562430,"Adventure, RPG"
The Witcher: Enhanced Edition,9810,Not Found
Call of Duty: Advanced Warfare,209650,Action
Shadow Warrior 2,324800,"Action, Adventure"
Transport Fever,446800,Simulation
Palia,2707930,"Adventure, Casual, Indie, RPG, Simulation, Free To Play"
The Darkness II,67370,Action
Elems,528670,"Casual, Indie"
Forspoken,1680880,"Action, Adventure, RPG"
The Binding of Isaac,113200,"Action, Adventure, Indie, RPG"
RuneScape,1343400,"Massively Multiplayer, RPG, Free To Play"
Sierra Ops,364210,"Adventure, Casual, Indie, Strategy"
Tomato Way,565860,"Action, Adventure, Casual, Indie, Racing"
SMITE 2,2437170,"Action, Adventure, Casual, Massively Multiplayer, RPG, Strategy, Early Access"
Joana's Life,513740,"Adventure, Indie"
Marvel Heroes Omega,226320,Not Found
Darwin Project,544920,"Action, Free To Play, Indie"
Village Story,601280,Not Found
Divine Knockout (DKO),1294660,Action
PlateUp!,1599600,"Action, Casual, Indie, Strategy"
Warhammer 40000: Chaos Gate � Daemonhunters,1611910,"RPG, Strategy"
Fields of Mistria,2142790,"Indie, RPG, Simulation, Early Access"
Battlefield 4™,1238860,Action
Destroy All Humans!,803330,"Action, Adventure"
Winter Memories,2495450,Not Found
Magicraft,2103140,"Action, Adventure, Indie, RPG, Early Access"
Assetto Corsa Competizione,805550,"Racing, Simulation, Sports"
Timberborn,1062090,"Indie, Simulation, Strategy, Early Access"
Arma Reforger,1874880,"Action, Simulation, Strategy"
