GAME TITLE,APP ID
PUBG: BATTLEGROUNDS,0
Black Myth: Wukong,0
Palworld,0
Counter-Strike 2,0
Lost Ark,0
Dota 2,0
Cyberpunk 2077,0
ELDEN RING,0
Banana,0
New World,0
Hogwarts Legacy,0
Baldur's Gate 3,0
Goose Goose Duck,0
Apex Legends,0
Valheim,0
Call of Duty®,0
Terraria,0
Capcom Arcade Stadium,0
Fallout 4,0
Life is Strange 2,0
Capcom Arcade 2nd Stadium,0
HELLDIVERS™ 2,0
Among Us,0
Sons Of The Forest,0
POSTAL,0
World of Warships,0
NARAKA: BLADEPOINT,0
Grand Theft Auto V,0
HITMAN™ 2,0
Kathy Rain,0
Monster Hunter: World,0
Starfield,0
PUBG: Test Server,0
Counter-Strike,0
Destiny 2,0
The Elder Scrolls V: Skyrim,0
Dying Light 2: Reloaded Edition,0
Halo Infinite,0
KHOLAT,0
THE FINALS PLAYTEST,0
The First Descendant,0
Last Epoch,0
Yu-Gi-Oh! Master Duel,0
Team Fortress 2,0
ARK: Survival Evolved,0
Mount & Blade II: Bannerlord,0
PAYDAY 2,0
Rust,0
Envoy 2,0
THE FINALS,0
Lethal Company,0
Stardew Valley,0
Once Human,0
MONSTER HUNTER RISE,0
Path of Exile,0
Dragon's Dogma 2,0
For Honor,0
Warhammer 40000: Space Marine 2,0
Source SDK Base 2007,0
Braveland,0
Gene Shift Auto,0
No Man's Sky,0
Content Warning,0
Dota Underlords,0
Tom Clancy's Rainbow Six Siege,0
New World Public Test Realm,0
Total War: THREE KINGDOMS,0
A Story About My Uncle,0
Warframe,0
Football Manager 2020,0
NARAKA: BLADEPOINT Demo,0
Satisfactory,0
Source SDK Base 2013 Multiplayer,0
鬼谷八荒 Tale of Immortal,0
Hyperdrive Massacre,0
Manor Lords,0
Evolvation,0
Fall Guys,0
Deadlock,0
Call of Duty®: Modern Warfare® II - Open Beta,0
Resident Evil 4,0
Total War: WARHAMMER III,0
DISTRAINT: Deluxe Edition,0
The Tiny Bang Story,0
Company of Heroes 2,0
Sid Meier's Civilization VI,0
Left 4 Dead 2,0
Halo: The Master Chief Collection,0
Enshrouded,0
Battlefield™ 2042 Open Beta,0
ARMORED CORE™ VI FIRES OF RUBICON™,0
Orwell,0
MultiVersus,0
Z1 Battle Royale,0
V Rising,0
Wallpaper Engine,0
Murderous Pursuits,0
NARAKA: BLADEPOINT Playtest,0
BROKE PROTOCOL,0
Rocket League,0
Layers of Fear (2016),0
New World: Aeternum Open Beta,0
Crusader Kings II,0
Fortified,0
Party Animals Demo,0
XCOM 2,0
DARK SOULS™ III,0
The Descendant,0
Hacknet,0
Wolcen: Lords of Mayhem,0
Human Fall Flat,0
7 Days to Die,0
Sekiro™: Shadows Die Twice,0
OUTRIDERS,0
Borderlands 2,0
Back 4 Blood Beta,0
Prismata,0
Insurgency,0
War Thunder,0
Eador. Masters of the Broken World,0
Call of Duty: Black Ops - Multiplayer,0
Total War: ROME II - Emperor Edition,0
Battlefield™ V,0
Don't Starve Together,0
Tom Clancy's The Division,0
Granblue Fantasy: Relink,0
Total War: WARHAMMER,0
Call of Duty: Modern Warfare 2 (2009) - Multiplayer,0
Phasmophobia,0
Unturned,0
EA SPORTS™ FIFA 23,0
Remnant II,0
Dark and Darker Demo,0
Warhammer 40000: Darktide,0
FIFA 22,0
Dread Hunger,0
Guns of Icarus Online,0
Battlefield™ 2042,0
EA SPORTS FC™ 24,0
Resident Evil Village,0
Farming Simulator 22,0
Realm Royale Reforged,0
Dead by Daylight,0
DOOM Eternal,0
Cities: Skylines II,0
Warhammer: Vermintide 2,0
Party Animals,0
Hades II,0
The Witcher 3: Wild Hunt,0
DELTARUNE (Chapter 1 & 2 DEMO),0
Spacewar,0
Raft,0
Counter-Strike: Source,0
Crusader Kings III,0
DAVE THE DIVER,0
Portal 2,0
ARK: Survival Ascended,0
MIR4,0
Terra Nil Demo,0
The Sims™ 4,0
Kingdom Come: Deliverance,0
FINAL FANTASY XIV Online,0
Chained Together,0
Football Manager 2021,0
Borderlands 3,0
Divinity: Original Sin 2,0
Sins of a Solar Empire: Rebellion,0
Far Cry 5,0
Sid Meier's Civilization V,0
METAL GEAR SOLID V: THE PHANTOM PAIN,0
Cats,0
Tomb Raider,0
Football Manager 2024,0
ENDLESS™ Legend,0
Devil May Cry 5,0
Football Manager 2022,0
Starbound,0
Geometry Dash,0
Lost Ark Closed Technical Beta,0
F1 2015,0
Football Manager 2013,0
BattleBit Remastered,0
Sid Meier's Civilization: Beyond Earth,0
Call of Duty®: Modern Warfare® 3 (2011) - Multiplayer,0
Need for Speed™ Heat,0
VPet,0
Black Myth: Wukong Benchmark Tool,0
Total War: WARHAMMER II,0
Call of Duty: WWII - PC Open Beta,0
Football Manager 2023,0
The Red Solstice,0
Football Manager 2016,0
LEGO® Star Wars™: The Skywalker Saga,0
Nobody - The Turnaround,0
隐形守护者 The Invisible Guardian,0
Football Manager 2015,0
Stories: The Path of Destinies,0
Forza Horizon 5,0
GrandChase,0
DARK SOULS™ II,0
Football Manager 2014,0
Little Nightmares,0
Hearts of Iron IV,0
The Forest,0
PAYDAY 3,0
Red Dead Redemption 2,0
Football Manager 2012,0
The First Descendant Final Technical Test,0
Ghost of Tsushima DIRECTOR'S CUT,0
Vampire Survivors,0
Bless Unleashed,0
Football Manager 2019,0
Crab Game,0
Wo Long: Fallen Dynasty,0
Forza Horizon 4,0
Overwatch® 2,0
Risk of Rain 2,0
Resident Evil 2,0
Age of Empires IV: Anniversary Edition,0
Garry's Mod,0
God of War,0
DayZ,0
Fallout 76,0
Football Manager 2017,0
Gray Zone Warfare,0
太吾绘卷 The Scroll Of Taiwu,0
For Honor Open Beta,0
Football Manager 2018,0
Call of Duty: Black Ops II - Multiplayer,0
The Binding of Isaac: Rebirth,0
Street Fighter™ 6,0
XCOM: Enemy Unknown,0
Sniper Elite V2,0
Victoria 3,0
Killing Floor 2,0
The Elder Scrolls V: Skyrim Special Edition,0
Euro Truck Simulator 2,0
Dark and Darker Playtest,0
Stellaris,0
SCUM,0
Borderlands: The Pre-Sequel,0
Middle-earth™: Shadow of War™,0
Yet Another Zombie Defense,0
Cookie Clicker,0
STAR WARS Jedi: Survivor™,0
Splitgate,0
Sea of Thieves,0
Marvel’s Spider-Man Remastered,0
Tom Clancy's The Division - Beta,0
Back 4 Blood,0
Clicker Heroes,0
Project Zomboid,0
完蛋！我被美女包围了！,0
BioShock Infinite,0
Kingdom: Classic,0
Call of Duty: Black Ops III,0
Ring of Elysium,0
Call of Duty: Black Ops,0
Stray,0
Cortex Command,0
RimWorld,0
Assassin's Creed Odyssey,0
Microsoft Flight Simulator,0
Cult of the Lamb,0
Grim Dawn,0
Throne and Liberty - Open Beta,0
TRAPPED,0
Paladins,0
Artifact Classic,0
Alien Swarm,0
Black Desert,0
Cities: Skylines,0
Jurassic World Evolution,0
Resident Evil 3,0
Tales of Arise,0
MORDHAU,0
Hunt: Showdown 1896,0
Mass Effect™ Legendary Edition,0
Dyson Sphere Program,0
Phantasy Star Online 2 New Genesis,0
Farming Simulator 19,0
NBA 2K23,0
Trove,0
ATLAS,0
Wo Long: Fallen Dynasty Complete Edition Demo,0
PUBG: Experimental Server,0
Dark and Darker,0
Deep Rock Galactic: Survivor,0
GUNDAM EVOLUTION,0
Arma 3,0
World of Tanks Blitz,0
Call of Duty: WWII - Multiplayer,0
Horizon Zero Dawn™ Complete Edition,0
Deus Ex: Human Revolution,0
The Crew 2,0
OUTRIDERS Demo,0
HUMANKIND™,0
Ready or Not,0
BIOMUTANT,0
Torchlight II,0
SUPER PEOPLE Testing Grounds,0
Hades,0
Deep Rock Galactic,0
Total War: SHOGUN 2,0
Bloons TD 6,0
Battlefield 1 ™,0
Tree of Savior (English Ver.),0
ENDLESS™ Space 2,0
Conan Exiles,0
Free to Play,0
VRChat,0
Eternal Return,0
Marvel Rivals Playtest,0
Icarus,0
Deus Ex: Mankind Divided™,0
HITMAN™,0
Mecha BREAK Playtest,0
Supermarket Simulator,0
Subnautica,0
Loop Hero,0
Evolve Stage 2,0
Fallout: New Vegas,0
PAYDAY: The Heist,0
TEKKEN 8,0
Governor of Poker 3,0
The Elder Scrolls Online,0
Middle-earth™: Shadow of Mordor™,0
Limbus Company,0
NBA 2K20,0
Remnant: From the Ashes,0
Europa Universalis IV,0
Watch_Dogs,0
Supermarket Together,0
Mafia III: Definitive Edition,0
Myth of Empires,0
tModLoader,0
Nightingale,0
SUPER PEOPLE 2,0
Soulmask,0
Pathfinder: Wrath of the Righteous - Enhanced Edition,0
NBA 2K22,0
Scrap Mechanic,0
MY HERO ULTRA RUMBLE,0
STAR WARS Jedi: Fallen Order™,0
Core Keeper,0
Call of Duty®: Modern Warfare® 3 (2011),0
Like a Dragon: Infinite Wealth,0
HoloCure - Save the Fans!,0
Undecember,0
Dying Light,0
Tom Clancy's Ghost Recon® Wildlands,0
Mirror 2: Project X,0
Warhammer 40000: Darktide Closed Beta,0
Warhammer 40000: Rogue Trader,0
Nobody - The Turnaround Demo,0
Battlerite,0
Risk of Rain Returns,0
Oddworld: Abe's Oddysee,0
Persona 3 Reload,0
Bless Unleashed - Beta Test,0
暖雪 Warm Snow,0
Rise of the Tomb Raider,0
Crosshair X,0
EA SPORTS™ FIFA 21,0
DRAGON BALL FighterZ,0
DOOM,0
Stumble Guys,0
Mirage: Arcane Warfare,0
Lords of the Fallen,0
Age of Wonders 4,0
Half-Life: Alyx,0
Fallout Shelter,0
Command & Conquer™ Remastered Collection,0
MapleStory 2,0
Saints Row IV,0
Subnautica: Below Zero,0
Imperator: Rome,0
Pillars of Eternity,0
Withering Kingdom: Arcane War,0
Draw & Guess,0
Monaco,0
Assassin's Creed Origins,0
Farlight 84,0
Nioh 2 – The Complete Edition,0
ENDLESS™ Space - Definitive Edition,0
NBA 2K25,0
The Cycle: Frontier,0
DiRT 3 Complete Edition,0
Turbo Pug DX,0
Horizon Forbidden West™ Complete Edition,0
Tapple,0
Just Survive,0
Dark Shadows - Army of Evil,0
Diablo® IV,0
Temtem,0
EGG,0
Dungeonborne,0
雀魂麻将(MahjongSoul),0
Blackwater Bayou VR,0
Project Winter,0
TCG Card Shop Simulator,0
Age of Empires II: Definitive Edition,0
Summoners War: Chronicles,0
Planet Zoo,0
Atomic Heart,0
STALCRAFT: X,0
Shadow of the Tomb Raider,0
Mortal Kombat 1,0
The Day Before,0
Balatro,0
Metro: Last Light Complete Edition,0
Call of Duty: Ghosts - Multiplayer,0
Hero's Land,0
Tabletop Simulator,0
Evil Genius 2,0
The Outlast Trials,0
Mafia: Definitive Edition,0
Company of Heroes 3,0
Party Animals Playtest,0
Backpack Battles,0
The Last of Us™ Part I,0
STAR WARS™: Squadrons,0
太荒初境,0
Resident Evil 4 Chainsaw Demo,0
No Rest for the Wicked,0
AX:EL,0
XCOM: Chimera Squad,0
Dead Island,0
Wartales,0
BATTLETECH,0
Cube World,0
God of War Ragnarök,0
Frostpunk 2,0
Persona 5 Royal,0
PAYDAY 3 - Beta,0
Palworld Dedicated Server,0
Gunfire Reborn,0
Dungeon of the ENDLESS™,0
Squad,0
Mortal Kombat 11,0
Glare1more,0
Call of Duty: Advanced Warfare - Multiplayer,0
Football Manager 2011,0
Monster Hunter Stories 2: Wings of Ruin,0
Brawlhalla,0
South Park™: The Stick of Truth™,0
Ori and the Will of the Wisps,0
Factorio,0
Bless Online,0
Astral Party,0
Saints Row: The Third,0
STAR WARS™: The Old Republic™,0
Two Point Hospital,0
CODE VEIN,0
Age of Empires IV Ranked Seasons Closed Preview,0
Dota 2 Test,0
Half-Life,0
Mad Max,0
Last Oasis,0
Tom Clancy's Ghost Recon Wildlands Open Beta,0
Slay the Spire,0
Mount & Blade: Warband,0
Street Fighter™ 6 - Open Beta,0
Counter-Strike: Condition Zero,0
It Takes Two,0
Chinese Parents,0
Paragon: The Overprime,0
DEATH STRANDING,0
BattleBit Remastered Playtest,0
Farming Simulator 17,0
Brotato,0
Stash,0
Nyasha,0
Call of Duty: Black Ops III Beta,0
Grounded,0
NBA 2K21,0
SMITE,0
Marvel's Avengers - The Definitive Edition,0
GUILTY GEAR -STRIVE-,0
Medieval Dynasty,0
Volcano Princess,0
Spectre Divide,0
Tribes of Midgard,0
Dead Space,0
Grimm,0
Back to Bed,0
Left 4 Dead,0
NBA 2K24,0
Paragon: The Overprime Final Test,0
Persona 4 Golden,0
Glass Masquerade,0
PlanetSide 2,0
FINAL FANTASY XV WINDOWS EDITION,0
Vampire: The Masquerade - Bloodhunt,0
Mafia II (Classic),0
Totally Accurate Battlegrounds,0
Loadout,0
Frostpunk,0
NBA 2K19,0
BeamNG.drive,0
Deadly Animal Duel,0
大侠立志传：碧血丹心,0
Elite Dangerous,0
NieR Replicant ver.1.22474487139...,0
Elemental Girls,0
Rotwood,0
For The King II,0
WILD HEARTS™,0
The Planet Crafter,0
Dwarf Fortress,0
ULTRAKILL,0
Age of Empires II (2013),0
Titanfall® 2,0
Total War: EMPIRE - Definitive Edition,0
Monster Hunter Rise: Sunbreak Demo,0
FINAL FANTASY XVI,0
Jotun: Valhalla Edition,0
Oxygen Not Included,0
LIMBO,0
Days Gone,0
Batman™: Arkham Knight,0
Dragon's Dogma: Dark Arisen,0
GRID 2,0
Craftopia,0
Albion Online,0
Purgatory II,0
GUNDAM BREAKER 4,0
Warfront Defenders,0
Dark Matter,0
Bloodstained: Ritual of the Night,0
Robocraft,0
Borderlands GOTY Enhanced,0
觅长生,0
Total War: ATTILA,0
Sunkenland,0
Hitman: Absolution,0
Halls of Torment,0
Shadow Warrior,0
Age of Mythology: Retold,0
DRAGON BALL Z: KAKAROT,0
Kerbal Space Program 2,0
Warhammer 40000: Dawn of War III,0
F1 2021,0
F1® Manager 2022,0
Drift (Over) Drive,0
NBA 2K18,0
MOBILE SUIT GUNDAM BATTLE OPERATION 2,0
Jagged Alliance 3,0
Subverse,0
Anno 1800,0
TERA,0
F1® 22,0
三国群英传8 Kingdom Heroes 8,0
Chivalry: Medieval Warfare,0
Crucible,0
Batman™: Arkham Origins,0
Pixel Gun 3D: PC Edition,0
Farthest Frontier,0
Boundary,0
Football Manager 2009,0
Wayfinder,0
Warhammer: End Times - Vermintide,0
Banished,0
Knight Online,0
Prey,0
Wasteland 3,0
Russian Fishing 4,0
Rising Storm 2: Vietnam,0
DARK SOULS™: REMASTERED,0
Football Manager 2010,0
Shadowrun Returns,0
Transport Fever 2,0
活俠傳,0
Shadowverse,0
Gotham Knights,0
Killing Floor,0
F1 2020,0
MONSTER HUNTER RISE DEMO,0
NieR:Automata™,0
Space Engineers,0
Dawn of Man,0
Darkest Dungeon® II,0
Surviving Mars,0
Borderlands GOTY,0
theHunter: Call of the Wild™,0
Headsnatchers,0
Just Cause 3,0
Hentai Bad Girls,0
Warlander,0
Far Cry® 3,0
AdVenture Capitalist,0
ELEX,0
DRAGON BALL XENOVERSE,0
Wandering Sword,0
Rogue Legacy 2,0
A Total War Saga: Thrones of Britannia,0
State of Decay 2,0
Pillars of Eternity II: Deadfire,0
Pathfinder: Kingmaker,0
Call of Duty: Modern Warfare 2 (2009),0
Car Mechanic Simulator 2021,0
Strange Brigade,0
Dishonored 2,0
They Are Billions,0
We Were Here Expeditions: The FriendShip,0
Summoners War,0
Trackmania,0
30 IMPOSSIBLE LEVELS,0
Bright Memory: Infinite,0
Divinity: Original Sin (Classic),0
SteamDB Unknown App 203190,0
Planet Coaster,0
Battlefield: Bad Company™ 2,0
Soundpad,0
SD GUNDAM BATTLE ALLIANCE,0
Dungeon Defenders,0
Delta Force Alpha Test,0
My Time at Sandrock,0
SteamDB Unknown App 243870,0
Shatterline,0
Abiotic Factor,0
Shin Megami Tensei V: Vengeance,0
The Riftbreaker,0
Sword Art Online: Fatal Bullet,0
Sanfu,0
South Park The Fractured But Whole,0
Slime Rancher 2,0
Yu-Gi-Oh! Duel Links,0
eFootball™,0
POLYWAR,0
Spectre Divide Playtest,0
Kingdom Rush 5: Alliance TD,0
Project Playtime,0
Sands of Salzaar,0
Torchlight: Infinite,0
Heroes & Generals,0
eFootball PES 2020,0
Pummel Party,0
Rusty's Retirement,0
Starpoint Gemini 2,0
Jurassic World Evolution 2,0
Golf With Your Friends,0
eFootball PES 2021 SEASON UPDATE,0
Portal,0
Dead Island Riptide Definitive Edition,0
Resident Evil 7 Biohazard,0
The Outer Worlds,0
DiRT Rally,0
Hollow Knight,0
Tom Clancy's Rainbow Six Siege - Test Server,0
Lost Castle 2,0
Data Hacker: Corruption,0
Northgard,0
ヘブンバーンズレッド,0
Hentai Furry,0
Age of Empires III: Definitive Edition,0
Knockout City™ Trial,0
DEATHLOOP,0
Home Behind 2,0
OBS Studio,0
Far Cry 6,0
Darkest Dungeon®,0
Green Hell,0
Dishonored,0
Red Dead Online,0
人魅,0
Resident Evil 3: Raccoon City Demo,0
DOOM Open Beta,0
Assetto Corsa,0
Barotrauma,0
Lies of P,0
The Front,0
Titan Quest Anniversary Edition,0
Once Human Demo,0
Age of Wonders III,0
DRAGON BALL XENOVERSE 2,0
SteamDB Unknown App 272350,0
Call of Duty: WWII,0
Infection Free Zone,0
Dragon Age II (Retired),0
FTL: Faster Than Light,0
Omega Strikers,0
Sonic Frontiers,0
Conqueror's Blade,0
Arma 2: Operation Arrowhead,0
American Truck Simulator,0
Kerbal Space Program,0
Dungeonborne Demo,0
Cuphead,0
Skul: The Hero Slayer,0
MARVEL SNAP,0
TEKKEN 7,0
Backpack Battles Demo,0
Hotline Miami 2: Wrong Number,0
Absolver,0
Project F,0
Marvel’s Avengers Beta,0
Archery Practice VR,0
Warhammer 40000: Dawn of War II - Anniversary Edition,0
Wasteland 2,0
Soulstone Survivors,0
GTFO,0
Swords of Legends Online,0
shapez 2,0
Dungeon Defenders II,0
Atonement: Scourge of Time,0
Farming Simulator 15,0
inZOI: Character Studio,0
EARTH DEFENSE FORCE 6,0
The Walking Dead: Season Two,0
Idle Champions of the Forgotten Realms,0
Total War: ROME REMASTERED,0
Music Racer,0
Pacific Drive,0
The Crypts of Anak Shaba - VR,0
Thief,0
Amazing Cultivation Simulator,0
Hell Let Loose,0
Call of Duty: Black Ops II,0
Resident Evil Village Gameplay Demo,0
Life is Strange™,0
House Flipper 2,0
Watch_Dogs 2,0
RAGE,0
ASTRONEER,0
Dead Island Riptide,0
Plague Inc: Evolved,0
Homeworld Remastered Collection,0
Cult of the Lamb Demo,0
DC Universe Online,0
The Callisto Protocol,0
Firewatch,0
Dragon's Dogma 2 Character Creator & Storage,0
Quake Champions,0
Sniper Elite 4,0
Construction Simulator,0
#Have A Sticker,0
Starship Annihilator,0
Five Nights at Freddy's: Security Breach,0
SpeedRunners,0
The Texas Chain Saw Massacre,0
Football Manager 2012 Demo,0
IXION,0
Riders of Icarus,0
Bloons TD Battles 2,0
Outpost: Infinity Siege,0
The God's Chain,0
Inscryption,0
People Playground,0
OCTOPATH TRAVELER II,0
Super Robot Wars 30,0
Graveyard Keeper,0
Hamster,0
The Dreamlord,0
Far Cry New Dawn,0
Far Cry 4,0
Chivalry 2,0
Deceit,0
Sapiens Demo,0
It Takes Two Friend's Pass,0
BRINK,0
PICO PARK,0
Don't Starve,0
Scavengers,0
BATTALION: Legacy,0
Muck,0
VTube Studio,0
Rising Storm/Red Orchestra 2 Multiplayer,0
Undecember Demo,0
Escape the Backrooms,0
The Mighty Quest For Epic Loot,0
ROMANCE OF THE THREE KINGDOMS XIV,0
Bodycam,0
Space Pilgrim Episode I: Alpha Centauri,0
天命奇御 Fate Seeker,0
Shrimp,0
Starship Troopers: Extermination,0
Piximalism,0
GreedFall,0
Ace of Spades,0
Ruined King: A League of Legends Story™,0
Banana Shooter,0
Plants vs. Zombies: Game of the Year,0
Prison Architect,0
Life is Strange: Before the Storm,0
A.V.A Global,0
Half-Life 2,0
The Outlast Trials Closed Beta,0
俠之道(PathOfWuxia),0
Outland,0
Wolfenstein II: The New Colossus,0
Vampyr,0
Orcs Must Die! 2,0
Friday the 13th: The Game,0
Waven,0
Assassin's Creed IV Black Flag,0
Castle Crashers,0
Black Squad,0
The Cycle Playtest,0
SMITE 2 - Public Test,0
House Flipper,0
Death Must Die,0
Ultimate Chicken Horse,0
Mafia II - Demo,0
Enter the Gungeon,0
Tyranny,0
Lies of P Demo,0
Mortal Kombat X,0
She Will Punish Them,0
Assassin's Creed Valhalla,0
Warhammer 40000: Space Marine - Anniversary Edition,0
Aliens: Fireteam Elite,0
RIFT,0
The Murder of Sonic the Hedgehog,0
ELYON,0
Return to Monkey Island,0
Marvel's Midnight Suns,0
Bananametr,0
Turbo Pug,0
SpongeBob SquarePants: Battle for Bikini Bottom - Rehydrated,0
Coral Island,0
Call of Duty: Infinite Warfare,0
天命奇御二 Fate Seeker II,0
Incitement 3,0
古龙风云录,0
Cybercube,0
HuniePop 2: Double Date,0
Metro Exodus,0
Infestation: Survivor Stories 2020,0
Forsaken Uprising,0
Tropico 6,0
Bellwright,0
Sword and Fairy 7,0
X4: Foundations,0
Cucumber,0
Warhammer 40000: Dawn of War II � Retribution,0
Aimlabs,0
Melon,0
Meadow,0
TEKKEN 8 Playtest,0
Inside the Backrooms,0
美女，请别影响我学习,0
Tiny Tina's Wonderlands,0
Game Migrated to Another Steam Page,0
Assassin's Creed® III,0
Dead Cells,0
Enclave,0
NBA 2K17,0
Sniper Elite 5,0
Neverwinter,0
Tom Clancy's The Division 2,0
Dome Keeper Demo,0
Street Fighter V,0
Far Cry Primal,0
BattleBlock Theater,0
Metro 2033,0
X Rebirth,0
SOULCALIBUR VI,0
Into the Breach,0
Going Medieval,0
Insurgency: Sandstorm,0
Magic Duels,0
Black Desert (Retired),0
AI: Rampage,0
Data Hacker: Initiation,0
SCARLET NEXUS,0
F1® 23,0
Dream Daddy: A Dad Dating Simulator,0
Asteroids ++,0
Dungeonborne Playtest,0
Infestation: The New Z,0
The Long Dark,0
Ghost Recon Breakpoint,0
OVERKILL's The Walking Dead,0
Marauders,0
The Wolf Among Us,0
Disney Dreamlight Valley,0
Loot Hero DX,0
Voice of Chernobyl,0
100 Aliens Cats,0
RUNNING WITH RIFLES,0
100 Space Cats,0
PixARK,0
Dead Bits,0
Pixel Sketch,0
Magic 2014,0
Dark and Light,0
Ghostwire: Tokyo,0
Monster Train,0
Magic 2015,0
Need for Speed™ Unbound,0
Across the Obelisk,0
EGOS - Tales of Fallen Souls,0
The Ascent,0
Spec Ops: The Line,0
Poppy Playtime,0
Serial Cleaner,0
Devotion,0
Shrimp.io,0
SCP: Secret Laboratory,0
Eastward,0
ShipLord,0
Warface: Clutch,0
MapleStory,0
Call of Duty: Ghosts,0
Rabiez: Epidemic,0
FINAL FANTASY VII REMAKE INTERGRADE,0
The Stanley Parable: Ultra Deluxe,0
Cosmoteer: Starship Architect & Commander,0
ACE COMBAT™7: SKIES UNKNOWN,0
Enigmoon,0
Skull Rush,0
Like a Dragon Gaiden: The Man Who Erased His Name,0
Totally Accurate Battle Simulator,0
RAGE 2,0
One-armed robber,0
Item Tower,0
Terra Invicta Demo,0
Sanctum 2,0
Crime Scene Cleaner,0
Marvel's Spider-Man: Miles Morales,0
Tropico 5,0
Suicide Squad: Kill the Justice League,0
Forager,0
Goodbye My King,0
Dinkum,0
Firefall,0
Sins of a Solar Empire II,0
Soda Dungeon 2,0
So Many Cubes,0
100 Asian Cats,0
Terra Incognita Chapter One: The Descendant,0
Hurtworld,0
Duke Nukem Forever,0
Deponia: The Complete Journey,0
Mass Effect 2 (2010),0
Nickelodeon All-Star Brawl,0
My Time at Portia,0
Reign Of Kings,0
Aliens: Colonial Marines,0
FINAL FANTASY X/X-2 HD Remaster,0
Tumblestone,0
Clickout,0
Orcs Must Die! 3,0
MELTY BLOOD: TYPE LUMINA,0
Heart Clicker,0
Spiral Knights,0
Dirty Bomb,0
Ori and the Blind Forest,0
Manor Lords Demo,0
Legends of Idleon MMO,0
RoBoRumble,0
Journey To The Center Of The Earth,0
The Culling,0
Yelaxot,0
Apocalypse Party,0
20 Minutes Till Dawn,0
Knockout City™ Cross-Play Beta,0
The Witcher 2: Assassins of Kings Enhanced Edition,0
Trine 2 Demo,0
Against the Storm,0
再刷一把 PlayAgain,0
Kingdoms of Amalur: Reckoning™,0
Radical Heights,0
Nya Nya Nya Girls (ʻʻʻ)_(=^･ω･^=)_(ʻʻʻ),0
Smalland: Survive the Wilds,0
F1 2019,0
Gauntlet™,0
Overcooked! 2,0
Sun Haven,0
Defiance,0
DREDGE,0
The Witcher: Enhanced Edition,0
Call of Duty: Advanced Warfare,0
Shadow Warrior 2,0
Transport Fever,0
Palia,0
The Darkness II,0
Elems,0
Forspoken,0
The Binding of Isaac,0
RuneScape,0
Sierra Ops,0
Tomato Way,0
SMITE 2,0
Joana's Life,0
Marvel Heroes Omega,0
Darwin Project,0
Village Story,0
Divine Knockout (DKO),0
PlateUp!,0
Warhammer 40000: Chaos Gate � Daemonhunters,0
Fields of Mistria,0
Battlefield 4™,0
Destroy All Humans!,0
Winter Memories,0
Magicraft,0
Assetto Corsa Competizione,0
Timberborn,0
Arma Reforger,0
